Workbook
Name Slicer_Department: #N/A
Name Slicer_JobLevel: #N/A
Name Slicer_OverTime: #N/A

Sheet WA_Fn-UseC_-HR-Employee-Attriti
A1: Age | B1: Attrition | C1: BusinessTravel | D1: DailyRate | E1: Department | F1: DistanceFromHome | G1: Education | H1: EducationField | I1: EmployeeCount | J1: EmployeeNumber | K1: EnvironmentSatisfaction | L1: Gender | M1: HourlyRate | N1: JobInvolvement | O1: JobLevel | P1: JobRole | Q1: JobSatisfaction | R1: MaritalStatus | S1: MonthlyIncome | T1: MonthlyRate | U1: NumCompaniesWorked | V1: Over18 | W1: OverTime | X1: PercentSalaryHike | Y1: PerformanceRating | Z1: RelationshipSatisfaction | AA1: StandardHours | AB1: StockOptionLevel | AC1: TotalWorkingYears | AD1: TrainingTimesLastYear | AE1: WorkLifeBalance | AF1: YearsAtCompany | AG1: YearsInCurrentRole | AH1: YearsSinceLastPromotion | AI1: YearsWithCurrManager
A2: 41 | B2: 1 | C2: Travel_Rarely | D2: 1102 | E2: Sales | F2: 1 | G2: 2 | H2: Life Sciences | I2: 1 | J2: 1 | K2: 2 | L2: Female | M2: 94 | N2: 3 | O2: 2 | P2: Sales Executive | Q2: 4 | R2: Single | S2: 5993 | T2: 19479 | U2: 8 | V2: Y | W2: Yes | X2: 11 | Y2: 3 | Z2: 1 | AA2: 80 | AB2: 0 | AC2: 8 | AD2: 0 | AE2: 1 | AF2: 6 | AG2: 4 | AH2: 0 | AI2: 5
A3: 49 | B3: 0 | C3: Travel_Frequently | D3: 279 | E3: Research & Development | F3: 8 | G3: 1 | H3: Life Sciences | I3: 1 | J3: 2 | K3: 3 | L3: Male | M3: 61 | N3: 2 | O3: 2 | P3: Research Scientist | Q3: 2 | R3: Married | S3: 5130 | T3: 24907 | U3: 1 | V3: Y | W3: No | X3: 23 | Y3: 4 | Z3: 4 | AA3: 80 | AB3: 1 | AC3: 10 | AD3: 3 | AE3: 3 | AF3: 10 | AG3: 7 | AH3: 1 | AI3: 7
A4: 37 | B4: 1 | C4: Travel_Rarely | D4: 1373 | E4: Research & Development | F4: 2 | G4: 2 | H4: Other | I4: 1 | J4: 4 | K4: 4 | L4: Male | M4: 92 | N4: 2 | O4: 1 | P4: Laboratory Technician | Q4: 3 | R4: Single | S4: 2090 | T4: 2396 | U4: 6 | V4: Y | W4: Yes | X4: 15 | Y4: 3 | Z4: 2 | AA4: 80 | AB4: 0 | AC4: 7 | AD4: 3 | AE4: 3 | AF4: 0 | AG4: 0 | AH4: 0 | AI4: 0
A5: 33 | B5: 0 | C5: Travel_Frequently | D5: 1392 | E5: Research & Development | F5: 3 | G5: 4 | H5: Life Sciences | I5: 1 | J5: 5 | K5: 4 | L5: Female | M5: 56 | N5: 3 | O5: 1 | P5: Research Scientist | Q5: 3 | R5: Married | S5: 2909 | T5: 23159 | U5: 1 | V5: Y | W5: Yes | X5: 11 | Y5: 3 | Z5: 3 | AA5: 80 | AB5: 0 | AC5: 8 | AD5: 3 | AE5: 3 | AF5: 8 | AG5: 7 | AH5: 3 | AI5: 0
A6: 27 | B6: 0 | C6: Travel_Rarely | D6: 591 | E6: Research & Development | F6: 2 | G6: 1 | H6: Medical | I6: 1 | J6: 7 | K6: 1 | L6: Male | M6: 40 | N6: 3 | O6: 1 | P6: Laboratory Technician | Q6: 2 | R6: Married | S6: 3468 | T6: 16632 | U6: 9 | V6: Y | W6: No | X6: 12 | Y6: 3 | Z6: 4 | AA6: 80 | AB6: 1 | AC6: 6 | AD6: 3 | AE6: 3 | AF6: 2 | AG6: 2 | AH6: 2 | AI6: 2
A7: 32 | B7: 0 | C7: Travel_Frequently | D7: 1005 | E7: Research & Development | F7: 2 | G7: 2 | H7: Life Sciences | I7: 1 | J7: 8 | K7: 4 | L7: Male | M7: 79 | N7: 3 | O7: 1 | P7: Laboratory Technician | Q7: 4 | R7: Single | S7: 3068 | T7: 11864 | U7: 0 | V7: Y | W7: No | X7: 13 | Y7: 3 | Z7: 3 | AA7: 80 | AB7: 0 | AC7: 8 | AD7: 2 | AE7: 2 | AF7: 7 | AG7: 7 | AH7: 3 | AI7: 6
A8: 59 | B8: 0 | C8: Travel_Rarely | D8: 1324 | E8: Research & Development | F8: 3 | G8: 3 | H8: Medical | I8: 1 | J8: 10 | K8: 3 | L8: Female | M8: 81 | N8: 4 | O8: 1 | P8: Laboratory Technician | Q8: 1 | R8: Married | S8: 2670 | T8: 9964 | U8: 4 | V8: Y | W8: Yes | X8: 20 | Y8: 4 | Z8: 1 | AA8: 80 | AB8: 3 | AC8: 12 | AD8: 3 | AE8: 2 | AF8: 1 | AG8: 0 | AH8: 0 | AI8: 0
A9: 30 | B9: 0 | C9: Travel_Rarely | D9: 1358 | E9: Research & Development | F9: 24 | G9: 1 | H9: Life Sciences | I9: 1 | J9: 11 | K9: 4 | L9: Male | M9: 67 | N9: 3 | O9: 1 | P9: Laboratory Technician | Q9: 3 | R9: Divorced | S9: 2693 | T9: 13335 | U9: 1 | V9: Y | W9: No | X9: 22 | Y9: 4 | Z9: 2 | AA9: 80 | AB9: 1 | AC9: 1 | AD9: 2 | AE9: 3 | AF9: 1 | AG9: 0 | AH9: 0 | AI9: 0
A10: 38 | B10: 0 | C10: Travel_Frequently | D10: 216 | E10: Research & Development | F10: 23 | G10: 3 | H10: Life Sciences | I10: 1 | J10: 12 | K10: 4 | L10: Male | M10: 44 | N10: 2 | O10: 3 | P10: Manufacturing Director | Q10: 3 | R10: Single | S10: 9526 | T10: 8787 | U10: 0 | V10: Y | W10: No | X10: 21 | Y10: 4 | Z10: 2 | AA10: 80 | AB10: 0 | AC10: 10 | AD10: 2 | AE10: 3 | AF10: 9 | AG10: 7 | AH10: 1 | AI10: 8
A11: 36 | B11: 0 | C11: Travel_Rarely | D11: 1299 | E11: Research & Development | F11: 27 | G11: 3 | H11: Medical | I11: 1 | J11: 13 | K11: 3 | L11: Male | M11: 94 | N11: 3 | O11: 2 | P11: Healthcare Representative | Q11: 3 | R11: Married | S11: 5237 | T11: 16577 | U11: 6 | V11: Y | W11: No | X11: 13 | Y11: 3 | Z11: 2 | AA11: 80 | AB11: 2 | AC11: 17 | AD11: 3 | AE11: 2 | AF11: 7 | AG11: 7 | AH11: 7 | AI11: 7
A12: 35 | B12: 0 | C12: Travel_Rarely | D12: 809 | E12: Research & Development | F12: 16 | G12: 3 | H12: Medical | I12: 1 | J12: 14 | K12: 1 | L12: Male | M12: 84 | N12: 4 | O12: 1 | P12: Laboratory Technician | Q12: 2 | R12: Married | S12: 2426 | T12: 16479 | U12: 0 | V12: Y | W12: No | X12: 13 | Y12: 3 | Z12: 3 | AA12: 80 | AB12: 1 | AC12: 6 | AD12: 5 | AE12: 3 | AF12: 5 | AG12: 4 | AH12: 0 | AI12: 3
A13: 29 | B13: 0 | C13: Travel_Rarely | D13: 153 | E13: Research & Development | F13: 15 | G13: 2 | H13: Life Sciences | I13: 1 | J13: 15 | K13: 4 | L13: Female | M13: 49 | N13: 2 | O13: 2 | P13: Laboratory Technician | Q13: 3 | R13: Single | S13: 4193 | T13: 12682 | U13: 0 | V13: Y | W13: Yes | X13: 12 | Y13: 3 | Z13: 4 | AA13: 80 | AB13: 0 | AC13: 10 | AD13: 3 | AE13: 3 | AF13: 9 | AG13: 5 | AH13: 0 | AI13: 8
... A1471: 34 | B1471: 0 | C1471: Travel_Rarely | D1471: 628 | E1471: Research & Development | F1471: 8 | G1471: 3 | H1471: Medical | I1471: 1 | J1471: 2068 | K1471: 2 | L1471: Male | M1471: 82 | N1471: 4 | O1471: 2 | P1471: Laboratory Technician | Q1471: 3 | R1471: Married | S1471: 4404 | T1471: 10228 | U1471: 2 | V1471: Y | W1471: No | X1471: 12 | Y1471: 3 | Z1471: 1 | AA1471: 80 | AB1471: 0 | AC1471: 6 | AD1471: 3 | AE1471: 4 | AF1471: 4 | AG1471: 3 | AH1471: 1 | AI1471: 2

Sheet Income-Attrition
A1: Attrition | B1: Yes
A3: Sum of EmployeeCount | B3: Column Labels
A4: Row Labels | B4: 0-2 Years | C4: 10+ Years | D4: 3-5 Years | E4: 6-10 Years | F4: Grand Total
A5: Low-Income | B5: 94 | C5: 5 | D5: 36 | E5: 58 | F5: 193
A6: Mid-Income | B6: 7 | C6: 9 | D6: 3 | E6: 16 | F6: 35
A7: High-Income | B7: 1 | C7: 6 | E7: 2 | F7: 9
A8: Grand Total | B8: 102 | C8: 20 | D8: 39 | E8: 76 | F8: 237

Sheet Overtime cause
A1: Attrition | B1: Yes
A3: Row Labels | B3: Count of Attrition
A4: No | B4: 110
A5: Yes | B5: 127
A6: Grand Total | B6: 237

Sheet Distance and overtime cause
A5: Count of Attrition | B5: Attrition
A6: Row Labels | B6: No | C6: Yes | D6: Grand Total
A7: Short-distance (<7km) | B7: 0.86451613 | C7: 0.13548387 | D7: 1 | G7: Distance Range | H7: Attrition rate
A8: Mid-distance (7-15km) | B8: 0.82513661 | C8: 0.17486339 | D8: 1 | G8: Short-distance (<7km) | H8: =GETPIVOTDATA("Attrition",$A$5,"Attrition","Yes","Distance-range","Short-distance (<7km)") -> 0.13548387
A9: Long-distance (>15km) | B9: 0.79331307 | C9: 0.20668693 | D9: 1 | G9: Mid-distance (7-15km) | H9: =GETPIVOTDATA("Attrition",$A$5,"Attrition","Yes","Distance-range","Mid-distance (7-15km)") -> 0.17486339
A10: Grand Total | B10: 0.83877551 | C10: 0.16122449 | D10: 1 | G10: Long-distance (>15km) | H10: =GETPIVOTDATA("Attrition",$A$5,"Attrition","Yes","Distance-range","Long-distance (>15km)") -> 0.20668693

Sheet Dashboard
K1: IBM HR Analytics Dashboard
C3: =COUNTIFS(Sample!B:B, "Yes", Sample!AF:AF, "<=2")/COUNTIF(Table1[YearsAtCompany], "<=2") -> 0.29824561 | F3: =INT('KPI Average employee stay'!E4)&" Years "&ROUND(('KPI Average employee stay'!E4-INT('KPI Average employee stay'!E4))*12,0)&" Months" -> 5 Years 2 Months | H3: =INT('KPI Average employee stay'!E12)&" Years "&ROUND(('KPI Average employee stay'!E12-INT('KPI Average employee stay'!E12))*12,0)&" Months" -> 7 Years 4 Months
Q17: Attrition | R17: Yes
Q19: Count of Attrition | R19: Column Labels
Q20: Job role | R20: 0-2 Years | S20: 10+ Years | T20: 3-5 Years | U20: 6-10 Years
Q21: Laboratory Technician | R21: 0.14767932 | S21: 0.0042194093 | T21: 0.046413502 | U21: 0.063291139
Q22: Sales Executive | R22: 0.063291139 | S22: 0.042194093 | T22: 0.033755274 | U22: 0.10126582
Q23: Research Scientist | R23: 0.084388186 | S23: 0.0042194093 | T23: 0.025316456 | U23: 0.084388186
Q24: Sales Representative | R24: 0.088607595 | S24: 0 | T24: 0.037974684 | U24: 0.012658228
Q25: Human Resources | R25: 0.025316456 | S25: 0.0042194093 | T25: 0.012658228 | U25: 0.0084388186
Q26: Manufacturing Director | R26: 0.0084388186 | S26: 0.0042194093 | T26: 0.0084388186 | U26: 0.021097046
Q27: Healthcare Representative | R27: 0.012658228 | S27: 0.0084388186 | T27: 0 | U27: 0.016877637
Q28: Manager | R28: 0 | S28: 0.0084388186 | T28: 0 | U28: 0.012658228
Q29: Research Director | R29: 0 | S29: 0.0084388186 | T29: 0 | U29: 0

Sheet Sample
A1: Age | B1: Attrition | C1: BusinessTravel | D1: DailyRate | E1: Department | F1: DistanceFromHome | G1: Education | H1: EducationField | I1: EmployeeCount | J1: EmployeeNumber | K1: EnvironmentSatisfaction | L1: Gender | M1: HourlyRate | N1: JobInvolvement | O1: JobLevel | P1: JobRole | Q1: JobSatisfaction | R1: MaritalStatus | S1: MonthlyIncome | T1: MonthlyRate | U1: NumCompaniesWorked | V1: Over18 | W1: OverTime | X1: PercentSalaryHike | Y1: PerformanceRating | Z1: RelationshipSatisfaction | AA1: StandardHours | AB1: StockOptionLevel | AC1: TotalWorkingYears | AD1: TrainingTimesLastYear | AE1: WorkLifeBalance | AF1: YearsAtCompany | AG1: YearsInCurrentRole | AH1: YearsSinceLastPromotion | AI1: YearsWithCurrManager | AJ1: Tenureband | AK1: Incomeband | AL1: Distance-range
A2: 41 | B2: Yes | C2: Travel_Rarely | D2: 1102 | E2: Sales | F2: 1 | G2: 2 | H2: Life Sciences | I2: 1 | J2: 1 | K2: 2 | L2: Female | M2: 94 | N2: 3 | O2: 2 | P2: Sales Executive | Q2: Very High | R2: Single | S2: 5993 | T2: 19479 | U2: 8 | V2: Y | W2: Yes | X2: 11 | Y2: 3 | Z2: 1 | AA2: 80 | AB2: 0 | AC2: 8 | AD2: 0 | AE2: 1 | AF2: 6 | AG2: 4 | AH2: 0 | AI2: 5 | AJ2: =IF(AF:AF<=2, "0-2 Years", IF(AF:AF<5, "3-5 Years", IF(AF:AF<=10, "6-10 Years", "10+ Years"))) -> 6-10 Years | AK2: =IF(S2<=7500, "Low-Income", IF(AND(S2>7500, S2<=13000), "Mid-Income", "High-Income")) -> Low-Income | AL2: =IF(F2<=7, "Short-distance (<7km)", IF(AND(F2>7, F2<=15), "Mid-distance (7-15km)", "Long-distance (>15km)")) -> Short-distance (<7km)
A3: 49 | B3: No | C3: Travel_Frequently | D3: 279 | E3: Research & Development | F3: 8 | G3: 1 | H3: Life Sciences | I3: 1 | J3: 2 | K3: 3 | L3: Male | M3: 61 | N3: 2 | O3: 2 | P3: Research Scientist | Q3: Medium | R3: Married | S3: 5130 | T3: 24907 | U3: 1 | V3: Y | W3: No | X3: 23 | Y3: 4 | Z3: 4 | AA3: 80 | AB3: 1 | AC3: 10 | AD3: 3 | AE3: 3 | AF3: 10 | AG3: 7 | AH3: 1 | AI3: 7 | AJ3: =IF(AF:AF<=2, "0-2 Years", IF(AF:AF<5, "3-5 Years", IF(AF:AF<=10, "6-10 Years", "10+ Years"))) -> 6-10 Years | AK3: =IF(S3<=7500, "Low-Income", IF(AND(S3>7500, S3<=13000), "Mid-Income", "High-Income")) -> Low-Income | AL3: =IF(F3<=7, "Short-distance (<7km)", IF(AND(F3>7, F3<=15), "Mid-distance (7-15km)", "Long-distance (>15km)")) -> Mid-distance (7-15km)
A4: 37 | B4: Yes | C4: Travel_Rarely | D4: 1373 | E4: Research & Development | F4: 2 | G4: 2 | H4: Other | I4: 1 | J4: 4 | K4: 4 | L4: Male | M4: 92 | N4: 2 | O4: 1 | P4: Laboratory Technician | Q4: High | R4: Single | S4: 2090 | T4: 2396 | U4: 6 | V4: Y | W4: Yes | X4: 15 | Y4: 3 | Z4: 2 | AA4: 80 | AB4: 0 | AC4: 7 | AD4: 3 | AE4: 3 | AF4: 0 | AG4: 0 | AH4: 0 | AI4: 0 | AJ4: =IF(AF:AF<=2, "0-2 Years", IF(AF:AF<5, "3-5 Years", IF(AF:AF<=10, "6-10 Years", "10+ Years"))) -> 0-2 Years | AK4: =IF(S4<=7500, "Low-Income", IF(AND(S4>7500, S4<=13000), "Mid-Income", "High-Income")) -> Low-Income | AL4: =IF(F4<=7, "Short-distance (<7km)", IF(AND(F4>7, F4<=15), "Mid-distance (7-15km)", "Long-distance (>15km)")) -> Short-distance (<7km)
A5: 33 | B5: No | C5: Travel_Frequently | D5: 1392 | E5: Research & Development | F5: 3 | G5: 4 | H5: Life Sciences | I5: 1 | J5: 5 | K5: 4 | L5: Female | M5: 56 | N5: 3 | O5: 1 | P5: Research Scientist | Q5: High | R5: Married | S5: 2909 | T5: 23159 | U5: 1 | V5: Y | W5: Yes | X5: 11 | Y5: 3 | Z5: 3 | AA5: 80 | AB5: 0 | AC5: 8 | AD5: 3 | AE5: 3 | AF5: 8 | AG5: 7 | AH5: 3 | AI5: 0 | AJ5: =IF(AF:AF<=2, "0-2 Years", IF(AF:AF<5, "3-5 Years", IF(AF:AF<=10, "6-10 Years", "10+ Years"))) -> 6-10 Years | AK5: =IF(S5<=7500, "Low-Income", IF(AND(S5>7500, S5<=13000), "Mid-Income", "High-Income")) -> Low-Income | AL5: =IF(F5<=7, "Short-distance (<7km)", IF(AND(F5>7, F5<=15), "Mid-distance (7-15km)", "Long-distance (>15km)")) -> Short-distance (<7km)
A6: 27 | B6: No | C6: Travel_Rarely | D6: 591 | E6: Research & Development | F6: 2 | G6: 1 | H6: Medical | I6: 1 | J6: 7 | K6: 1 | L6: Male | M6: 40 | N6: 3 | O6: 1 | P6: Laboratory Technician | Q6: Medium | R6: Married | S6: 3468 | T6: 16632 | U6: 9 | V6: Y | W6: No | X6: 12 | Y6: 3 | Z6: 4 | AA6: 80 | AB6: 1 | AC6: 6 | AD6: 3 | AE6: 3 | AF6: 2 | AG6: 2 | AH6: 2 | AI6: 2 | AJ6: =IF(AF:AF<=2, "0-2 Years", IF(AF:AF<5, "3-5 Years", IF(AF:AF<=10, "6-10 Years", "10+ Years"))) -> 0-2 Years | AK6: =IF(S6<=7500, "Low-Income", IF(AND(S6>7500, S6<=13000), "Mid-Income", "High-Income")) -> Low-Income | AL6: =IF(F6<=7, "Short-distance (<7km)", IF(AND(F6>7, F6<=15), "Mid-distance (7-15km)", "Long-distance (>15km)")) -> Short-distance (<7km)
A7: 32 | B7: No | C7: Travel_Frequently | D7: 1005 | E7: Research & Development | F7: 2 | G7: 2 | H7: Life Sciences | I7: 1 | J7: 8 | K7: 4 | L7: Male | M7: 79 | N7: 3 | O7: 1 | P7: Laboratory Technician | Q7: Very High | R7: Single | S7: 3068 | T7: 11864 | U7: 0 | V7: Y | W7: No | X7: 13 | Y7: 3 | Z7: 3 | AA7: 80 | AB7: 0 | AC7: 8 | AD7: 2 | AE7: 2 | AF7: 7 | AG7: 7 | AH7: 3 | AI7: 6 | AJ7: =IF(AF:AF<=2, "0-2 Years", IF(AF:AF<5, "3-5 Years", IF(AF:AF<=10, "6-10 Years", "10+ Years"))) -> 6-10 Years | AK7: =IF(S7<=7500, "Low-Income", IF(AND(S7>7500, S7<=13000), "Mid-Income", "High-Income")) -> Low-Income | AL7: =IF(F7<=7, "Short-distance (<7km)", IF(AND(F7>7, F7<=15), "Mid-distance (7-15km)", "Long-distance (>15km)")) -> Short-distance (<7km)
A8: 59 | B8: No | C8: Travel_Rarely | D8: 1324 | E8: Research & Development | F8: 3 | G8: 3 | H8: Medical | I8: 1 | J8: 10 | K8: 3 | L8: Female | M8: 81 | N8: 4 | O8: 1 | P8: Laboratory Technician | Q8: Low | R8: Married | S8: 2670 | T8: 9964 | U8: 4 | V8: Y | W8: Yes | X8: 20 | Y8: 4 | Z8: 1 | AA8: 80 | AB8: 3 | AC8: 12 | AD8: 3 | AE8: 2 | AF8: 1 | AG8: 0 | AH8: 0 | AI8: 0 | AJ8: =IF(AF:AF<=2, "0-2 Years", IF(AF:AF<5, "3-5 Years", IF(AF:AF<=10, "6-10 Years", "10+ Years"))) -> 0-2 Years | AK8: =IF(S8<=7500, "Low-Income", IF(AND(S8>7500, S8<=13000), "Mid-Income", "High-Income")) -> Low-Income | AL8: =IF(F8<=7, "Short-distance (<7km)", IF(AND(F8>7, F8<=15), "Mid-distance (7-15km)", "Long-distance (>15km)")) -> Short-distance (<7km)
A9: 30 | B9: No | C9: Travel_Rarely | D9: 1358 | E9: Research & Development | F9: 24 | G9: 1 | H9: Life Sciences | I9: 1 | J9: 11 | K9: 4 | L9: Male | M9: 67 | N9: 3 | O9: 1 | P9: Laboratory Technician | Q9: High | R9: Divorced | S9: 2693 | T9: 13335 | U9: 1 | V9: Y | W9: No | X9: 22 | Y9: 4 | Z9: 2 | AA9: 80 | AB9: 1 | AC9: 1 | AD9: 2 | AE9: 3 | AF9: 1 | AG9: 0 | AH9: 0 | AI9: 0 | AJ9: =IF(AF:AF<=2, "0-2 Years", IF(AF:AF<5, "3-5 Years", IF(AF:AF<=10, "6-10 Years", "10+ Years"))) -> 0-2 Years | AK9: =IF(S9<=7500, "Low-Income", IF(AND(S9>7500, S9<=13000), "Mid-Income", "High-Income")) -> Low-Income | AL9: =IF(F9<=7, "Short-distance (<7km)", IF(AND(F9>7, F9<=15), "Mid-distance (7-15km)", "Long-distance (>15km)")) -> Long-distance (>15km)
A10: 38 | B10: No | C10: Travel_Frequently | D10: 216 | E10: Research & Development | F10: 23 | G10: 3 | H10: Life Sciences | I10: 1 | J10: 12 | K10: 4 | L10: Male | M10: 44 | N10: 2 | O10: 3 | P10: Manufacturing Director | Q10: High | R10: Single | S10: 9526 | T10: 8787 | U10: 0 | V10: Y | W10: No | X10: 21 | Y10: 4 | Z10: 2 | AA10: 80 | AB10: 0 | AC10: 10 | AD10: 2 | AE10: 3 | AF10: 9 | AG10: 7 | AH10: 1 | AI10: 8 | AJ10: =IF(AF:AF<=2, "0-2 Years", IF(AF:AF<5, "3-5 Years", IF(AF:AF<=10, "6-10 Years", "10+ Years"))) -> 6-10 Years | AK10: =IF(S10<=7500, "Low-Income", IF(AND(S10>7500, S10<=13000), "Mid-Income", "High-Income")) -> Mid-Income | AL10: =IF(F10<=7, "Short-distance (<7km)", IF(AND(F10>7, F10<=15), "Mid-distance (7-15km)", "Long-distance (>15km)")) -> Long-distance (>15km)
A11: 36 | B11: No | C11: Travel_Rarely | D11: 1299 | E11: Research & Development | F11: 27 | G11: 3 | H11: Medical | I11: 1 | J11: 13 | K11: 3 | L11: Male | M11: 94 | N11: 3 | O11: 2 | P11: Healthcare Representative | Q11: High | R11: Married | S11: 5237 | T11: 16577 | U11: 6 | V11: Y | W11: No | X11: 13 | Y11: 3 | Z11: 2 | AA11: 80 | AB11: 2 | AC11: 17 | AD11: 3 | AE11: 2 | AF11: 7 | AG11: 7 | AH11: 7 | AI11: 7 | AJ11: =IF(AF:AF<=2, "0-2 Years", IF(AF:AF<5, "3-5 Years", IF(AF:AF<=10, "6-10 Years", "10+ Years"))) -> 6-10 Years | AK11: =IF(S11<=7500, "Low-Income", IF(AND(S11>7500, S11<=13000), "Mid-Income", "High-Income")) -> Low-Income | AL11: =IF(F11<=7, "Short-distance (<7km)", IF(AND(F11>7, F11<=15), "Mid-distance (7-15km)", "Long-distance (>15km)")) -> Long-distance (>15km)
A12: 35 | B12: No | C12: Travel_Rarely | D12: 809 | E12: Research & Development | F12: 16 | G12: 3 | H12: Medical | I12: 1 | J12: 14 | K12: 1 | L12: Male | M12: 84 | N12: 4 | O12: 1 | P12: Laboratory Technician | Q12: Medium | R12: Married | S12: 2426 | T12: 16479 | U12: 0 | V12: Y | W12: No | X12: 13 | Y12: 3 | Z12: 3 | AA12: 80 | AB12: 1 | AC12: 6 | AD12: 5 | AE12: 3 | AF12: 5 | AG12: 4 | AH12: 0 | AI12: 3 | AJ12: =IF(AF:AF<=2, "0-2 Years", IF(AF:AF<5, "3-5 Years", IF(AF:AF<=10, "6-10 Years", "10+ Years"))) -> 6-10 Years | AK12: =IF(S12<=7500, "Low-Income", IF(AND(S12>7500, S12<=13000), "Mid-Income", "High-Income")) -> Low-Income | AL12: =IF(F12<=7, "Short-distance (<7km)", IF(AND(F12>7, F12<=15), "Mid-distance (7-15km)", "Long-distance (>15km)")) -> Long-distance (>15km)
A13: 29 | B13: No | C13: Travel_Rarely | D13: 153 | E13: Research & Development | F13: 15 | G13: 2 | H13: Life Sciences | I13: 1 | J13: 15 | K13: 4 | L13: Female | M13: 49 | N13: 2 | O13: 2 | P13: Laboratory Technician | Q13: High | R13: Single | S13: 4193 | T13: 12682 | U13: 0 | V13: Y | W13: Yes | X13: 12 | Y13: 3 | Z13: 4 | AA13: 80 | AB13: 0 | AC13: 10 | AD13: 3 | AE13: 3 | AF13: 9 | AG13: 5 | AH13: 0 | AI13: 8 | AJ13: =IF(AF:AF<=2, "0-2 Years", IF(AF:AF<5, "3-5 Years", IF(AF:AF<=10, "6-10 Years", "10+ Years"))) -> 6-10 Years | AK13: =IF(S13<=7500, "Low-Income", IF(AND(S13>7500, S13<=13000), "Mid-Income", "High-Income")) -> Low-Income | AL13: =IF(F13<=7, "Short-distance (<7km)", IF(AND(F13>7, F13<=15), "Mid-distance (7-15km)", "Long-distance (>15km)")) -> Mid-distance (7-15km)
... A1471: 34 | B1471: No | C1471: Travel_Rarely | D1471: 628 | E1471: Research & Development | F1471: 8 | G1471: 3 | H1471: Medical | I1471: 1 | J1471: 2068 | K1471: 2 | L1471: Male | M1471: 82 | N1471: 4 | O1471: 2 | P1471: Laboratory Technician | Q1471: High | R1471: Married | S1471: 4404 | T1471: 10228 | U1471: 2 | V1471: Y | W1471: No | X1471: 12 | Y1471: 3 | Z1471: 1 | AA1471: 80 | AB1471: 0 | AC1471: 6 | AD1471: 3 | AE1471: 4 | AF1471: 4 | AG1471: 3 | AH1471: 1 | AI1471: 2 | AJ1471: =IF(AF:AF<=2, "0-2 Years", IF(AF:AF<5, "3-5 Years", IF(AF:AF<=10, "6-10 Years", "10+ Years"))) -> 3-5 Years | AK1471: =IF(S1471<=7500, "Low-Income", IF(AND(S1471>7500, S1471<=13000), "Mid-Income", "High-Income")) -> Low-Income | AL1471: =IF(F1471<=7, "Short-distance (<7km)", IF(AND(F1471>7, F1471<=15), "Mid-distance (7-15km)", "Long-distance (>15km)")) -> Mid-distance (7-15km)

Sheet Attrition by tenure
A3: Sum of EmployeeCount | B3: Column Labels
A4: Row Labels | B4: No | C4: Yes
A5: 0-2 Years | B5: 0.70175439 | C5: 0.29824561
A6: 6-10 Years | B6: 0.88198758 | C6: 0.11801242
A7: 3-5 Years | B7: 0.83613445 | C7: 0.16386555
A8: 10+ Years | B8: 0.91869919 | C8: 0.081300813

Sheet Correlation 1
B1: Age | C1: Attrition | D1: DailyRate | E1: DistanceFromHome | F1: Education | G1: EnvironmentSatisfaction | H1: HourlyRate | I1: JobInvolvement | J1: JobLevel | K1: JobSatisfaction
A2: Age | B2: 1
A3: Attrition | B3: -0.15920501 | C3: 1
A4: DailyRate | B4: 0.010660943 | C4: -0.056651992 | D4: 1
A5: DistanceFromHome | B5: -0.0016861201 | C5: 0.077923583 | D5: -0.0049853374 | E5: 1
A6: Education | B6: 0.20803373 | C6: -0.03137282 | D6: -0.016806433 | E6: 0.021041826 | F6: 1
A7: EnvironmentSatisfaction | B7: 0.010146428 | C7: -0.10336898 | D7: 0.018354854 | E7: -0.016075327 | F7: -0.027128313 | G7: 1
A8: HourlyRate | B8: 0.024286543 | C8: -0.0068455496 | D8: 0.023381422 | E8: 0.031130586 | F8: 0.016774829 | G8: -0.049856956 | H8: 1
A9: JobInvolvement | B9: 0.029819959 | C9: -0.13001596 | D9: 0.046134874 | E9: 0.0087832799 | F9: 0.042437634 | G9: -0.0082775982 | H9: 0.042860641 | I9: 1
A10: JobLevel | B10: 0.50960423 | C10: -0.16910475 | D10: 0.0029663349 | E10: 0.0053027306 | F10: 0.10158889 | G10: 0.0012116994 | H10: -0.027853486 | I10: -0.012629883 | J10: 1
A11: JobSatisfaction | B11: -0.0048918771 | C11: -0.10348113 | D11: 0.030571008 | E11: -0.0036688392 | F11: -0.011296117 | G11: -0.0067843526 | H11: -0.071334624 | I11: -0.02147591 | J11: -0.001943708 | K11: 1

Sheet Correlation 2
B1: Attrition | C1: MaritalStatus | D1: MonthlyIncome | E1: MonthlyRate | F1: NumCompaniesWorked | G1: OverTime | H1: PercentSalaryHike | I1: PerformanceRating | J1: RelationshipSatisfaction | K1: TotalWorkingYears | L1: TrainingTimesLastYear | M1: WorkLifeBalance | N1: YearsAtCompany
A2: Attrition | B2: 1
A3: MaritalStatus | B3: -0.16207023 | C3: 1
A4: MonthlyIncome | B4: -0.15983958 | C4: 0.075449582 | D4: 1
A5: MonthlyRate | B5: 0.015170213 | C5: -0.023937427 | D5: 0.034813626 | E5: 1
A6: NumCompaniesWorked | B6: 0.043493739 | C6: 0.035505389 | D6: 0.14951522 | E6: 0.017521353 | F6: 1
A7: OverTime | B7: 0.24611799 | C7: 0.017521382 | D7: 0.0060892854 | E7: 0.021431145 | F7: -0.020785821 | G7: 1
A8: PercentSalaryHike | B8: -0.013478202 | C8: -0.012492329 | D8: -0.027268586 | E8: -0.0064293459 | F8: -0.010238309 | G8: -0.0054328267 | H8: 1
A9: PerformanceRating | B9: 0.0028887517 | C9: -0.005206626 | D9: -0.017120138 | E9: -0.0098114285 | F9: -0.014094873 | G9: 0.0043691201 | H9: 0.77355 | I9: 1
A10: RelationshipSatisfaction | B10: -0.045872279 | C10: -0.022549071 | D10: 0.025873436 | E10: -0.0040853293 | F10: 0.052733049 | G10: 0.048492803 | H10: -0.040490081 | I10: -0.031351455 | J10: 1
A11: TotalWorkingYears | B11: -0.17106325 | C11: 0.077886352 | D11: 0.77289325 | E11: 0.026442471 | F11: 0.23763859 | G11: 0.012754266 | H11: -0.020608488 | I11: 0.0067436679 | J11: 0.024054292 | K11: 1
A12: TrainingTimesLastYear | B12: -0.059477799 | C12: -0.010628607 | D12: -0.021736277 | E12: 0.0014668806 | F12: -0.066054072 | G12: -0.079113372 | H12: -0.0052210124 | I12: -0.015578882 | J12: 0.0024965264 | K12: -0.035661571 | L12: 1
A13: WorkLifeBalance | B13: -0.063939047 | C13: -0.014708294 | D13: 0.030683082 | E13: 0.0079631575 | F13: -0.0083656848 | G13: -0.027091878 | H13: -0.003279636 | I13: 0.0025723613 | J13: 0.019604406 | K13: 0.0010076456 | L13: 0.028072207 | M13: 1
A14: YearsAtCompany | B14: -0.13439221 | C14: 0.059986004 | D14: 0.51428483 | E14: -0.023655107 | F14: -0.11842134 | G14: -0.01168712 | H14: -0.035991262 | I14: 0.0034351261 | J14: 0.019366787 | K14: 0.62813316 | L14: 0.0035686657 | M14: 0.012089185 | N14: 1

Sheet Data for Correlation
A1: Age | B1: Attrition | C1: MaritalStatus | D1: MonthlyIncome | E1: MonthlyRate | F1: NumCompaniesWorked | G1: OverTime | H1: PercentSalaryHike | I1: PerformanceRating | J1: RelationshipSatisfaction | K1: TotalWorkingYears | L1: TrainingTimesLastYear | M1: WorkLifeBalance | N1: YearsAtCompany | O1: YearsInCurrentRole | P1: YearsSinceLastPromotion | Q1: YearsWithCurrManager
A2: 41 | B2: 1 | C2: 1 | D2: 5993 | E2: 19479 | F2: 8 | G2: 1 | H2: 11 | I2: 3 | J2: 1 | K2: 8 | L2: 0 | M2: 1 | N2: 6 | O2: 4 | P2: 0 | Q2: 5
A3: 49 | B3: 0 | C3: 2 | D3: 5130 | E3: 24907 | F3: 1 | G3: 0 | H3: 23 | I3: 4 | J3: 4 | K3: 10 | L3: 3 | M3: 3 | N3: 10 | O3: 7 | P3: 1 | Q3: 7
A4: 37 | B4: 1 | C4: 1 | D4: 2090 | E4: 2396 | F4: 6 | G4: 1 | H4: 15 | I4: 3 | J4: 2 | K4: 7 | L4: 3 | M4: 3 | N4: 0 | O4: 0 | P4: 0 | Q4: 0
A5: 33 | B5: 0 | C5: 2 | D5: 2909 | E5: 23159 | F5: 1 | G5: 1 | H5: 11 | I5: 3 | J5: 3 | K5: 8 | L5: 3 | M5: 3 | N5: 8 | O5: 7 | P5: 3 | Q5: 0
A6: 27 | B6: 0 | C6: 2 | D6: 3468 | E6: 16632 | F6: 9 | G6: 0 | H6: 12 | I6: 3 | J6: 4 | K6: 6 | L6: 3 | M6: 3 | N6: 2 | O6: 2 | P6: 2 | Q6: 2
A7: 32 | B7: 0 | C7: 1 | D7: 3068 | E7: 11864 | F7: 0 | G7: 0 | H7: 13 | I7: 3 | J7: 3 | K7: 8 | L7: 2 | M7: 2 | N7: 7 | O7: 7 | P7: 3 | Q7: 6
A8: 59 | B8: 0 | C8: 2 | D8: 2670 | E8: 9964 | F8: 4 | G8: 1 | H8: 20 | I8: 4 | J8: 1 | K8: 12 | L8: 3 | M8: 2 | N8: 1 | O8: 0 | P8: 0 | Q8: 0
A9: 30 | B9: 0 | C9: 3 | D9: 2693 | E9: 13335 | F9: 1 | G9: 0 | H9: 22 | I9: 4 | J9: 2 | K9: 1 | L9: 2 | M9: 3 | N9: 1 | O9: 0 | P9: 0 | Q9: 0
A10: 38 | B10: 0 | C10: 1 | D10: 9526 | E10: 8787 | F10: 0 | G10: 0 | H10: 21 | I10: 4 | J10: 2 | K10: 10 | L10: 2 | M10: 3 | N10: 9 | O10: 7 | P10: 1 | Q10: 8
A11: 36 | B11: 0 | C11: 2 | D11: 5237 | E11: 16577 | F11: 6 | G11: 0 | H11: 13 | I11: 3 | J11: 2 | K11: 17 | L11: 3 | M11: 2 | N11: 7 | O11: 7 | P11: 7 | Q11: 7
A12: 35 | B12: 0 | C12: 2 | D12: 2426 | E12: 16479 | F12: 0 | G12: 0 | H12: 13 | I12: 3 | J12: 3 | K12: 6 | L12: 5 | M12: 3 | N12: 5 | O12: 4 | P12: 0 | Q12: 3
A13: 29 | B13: 0 | C13: 1 | D13: 4193 | E13: 12682 | F13: 0 | G13: 1 | H13: 12 | I13: 3 | J13: 4 | K13: 10 | L13: 3 | M13: 3 | N13: 9 | O13: 5 | P13: 0 | Q13: 8
... A1471: 34 | B1471: 0 | C1471: 2 | D1471: 4404 | E1471: 10228 | F1471: 2 | G1471: 0 | H1471: 12 | I1471: 3 | J1471: 1 | K1471: 6 | L1471: 3 | M1471: 4 | N1471: 4 | O1471: 3 | P1471: 1 | Q1471: 2

Sheet Job-role with attrition
A2: Attrition | B2: Yes
A4: Count of Attrition | B4: Column Labels
A5: Job role | B5: 0-2 Years | C5: 10+ Years | D5: 3-5 Years | E5: 6-10 Years | F5: Grand Total
A6: Laboratory Technician | B6: 0.14767932 | C6: 0.0042194093 | D6: 0.046413502 | E6: 0.063291139 | F6: 0.26160338
A7: Sales Executive | B7: 0.063291139 | C7: 0.042194093 | D7: 0.033755274 | E7: 0.10126582 | F7: 0.24050633
A8: Research Scientist | B8: 0.084388186 | C8: 0.0042194093 | D8: 0.025316456 | E8: 0.084388186 | F8: 0.19831224
A9: Sales Representative | B9: 0.088607595 | C9: 0 | D9: 0.037974684 | E9: 0.012658228 | F9: 0.13924051
A10: Human Resources | B10: 0.025316456 | C10: 0.0042194093 | D10: 0.012658228 | E10: 0.0084388186 | F10: 0.050632911
A11: Manufacturing Director | B11: 0.0084388186 | C11: 0.0042194093 | D11: 0.0084388186 | E11: 0.021097046 | F11: 0.042194093
A12: Healthcare Representative | B12: 0.012658228 | C12: 0.0084388186 | D12: 0 | E12: 0.016877637 | F12: 0.037974684
A13: Manager | B13: 0 | C13: 0.0084388186 | D13: 0 | E13: 0.012658228 | F13: 0.021097046
A14: Research Director | B14: 0 | C14: 0.0084388186 | D14: 0 | E14: 0 | F14: 0.0084388186
A15: Grand Total | B15: 0.43037975 | C15: 0.084388186 | D15: 0.16455696 | E15: 0.32067511 | F15: 1

Sheet Attrition rate by department
A2: Attrition | B2: Yes
A4: Row Labels | B4: Count of Attrition | C4: Attrition rate by dept
A5: Human Resources | B5: 12 | C5: 0.050632911
A6: Research & Development | B6: 133 | C6: 0.56118143
A7: Sales | B7: 92 | C7: 0.38818565
A8: Grand Total | B8: 237 | C8: 1
C10: Departments | D10: Attrition rate by employeecount | E10: Overall Attrition Rate
C11: Human Resources | D11: =GETPIVOTDATA("Count of Attrition",$A$4,"Department","Human Resources")/GETPIVOTDATA("EmployeeCount",$A$16,"Department","Human Resources") -> 0.19047619 | E11: 0.050632911
C12: Research & Development | D12: =GETPIVOTDATA("Count of Attrition",$A$4,"Department","Research & Development")/GETPIVOTDATA("EmployeeCount",$A$16,"Department","Research & Development") -> 0.1383975 | E12: 0.56118143
C13: Sales | D13: =GETPIVOTDATA("Count of Attrition",$A$4,"Department","Sales")/GETPIVOTDATA("EmployeeCount",$A$16,"Department","Sales") -> 0.20627803 | E13: 0.38818565
A16: Row Labels | B16: Sum of EmployeeCount
A17: Human Resources | B17: 63
A18: Research & Development | B18: 961
A19: Sales | B19: 446
A20: Grand Total | B20: 1470

Sheet KPI Early-Tenure Attrition Rate
F1: Attrition | G1: YearsAtCompany | J1: Early-Tenure Attrition Rate | N1: =COUNTIFS(Sample!B:B, "Yes", Sample!AF:AF, "<=2") -> 102
F2: Yes | G2: <=2 | J2: =COUNTIFS(Sample!B:B, "Yes", Sample!AF:AF, "<=2")/COUNTIF(Table1[YearsAtCompany], "<=2") -> 0.29824561
A5: Age | B5: Attrition | C5: BusinessTravel | D5: DailyRate | E5: Department | F5: DistanceFromHome | G5: Education | H5: EducationField | I5: EmployeeCount | J5: EmployeeNumber | K5: EnvironmentSatisfaction | L5: Gender | M5: HourlyRate | N5: JobInvolvement | O5: JobLevel | P5: JobRole | Q5: JobSatisfaction | R5: MaritalStatus | S5: MonthlyIncome | T5: MonthlyRate | U5: NumCompaniesWorked | V5: Over18 | W5: OverTime | X5: PercentSalaryHike | Y5: PerformanceRating | Z5: RelationshipSatisfaction | AA5: StandardHours | AB5: StockOptionLevel | AC5: TotalWorkingYears | AD5: TrainingTimesLastYear | AE5: WorkLifeBalance | AF5: YearsAtCompany | AG5: YearsInCurrentRole | AH5: YearsSinceLastPromotion | AI5: YearsWithCurrManager
A6: 37 | B6: Yes | C6: Travel_Rarely | D6: 1373 | E6: Research & Development | F6: 2 | G6: 2 | H6: Other | I6: 1 | J6: 4 | K6: 4 | L6: Male | M6: 92 | N6: 2 | O6: 1 | P6: Laboratory Technician | Q6: 3 | R6: Single | S6: 2090 | T6: 2396 | U6: 6 | V6: Y | W6: Yes | X6: 15 | Y6: 3 | Z6: 2 | AA6: 80 | AB6: 0 | AC6: 7 | AD6: 3 | AE6: 3 | AF6: 0 | AG6: 0 | AH6: 0 | AI6: 0
A7: 39 | B7: Yes | C7: Travel_Rarely | D7: 895 | E7: Sales | F7: 5 | G7: 3 | H7: Technical Degree | I7: 1 | J7: 42 | K7: 4 | L7: Male | M7: 56 | N7: 3 | O7: 2 | P7: Sales Representative | Q7: 4 | R7: Married | S7: 2086 | T7: 3335 | U7: 3 | V7: Y | W7: No | X7: 14 | Y7: 3 | Z7: 3 | AA7: 80 | AB7: 1 | AC7: 19 | AD7: 6 | AE7: 4 | AF7: 1 | AG7: 0 | AH7: 0 | AI7: 0
A8: 24 | B8: Yes | C8: Travel_Rarely | D8: 813 | E8: Research & Development | F8: 1 | G8: 3 | H8: Medical | I8: 1 | J8: 45 | K8: 2 | L8: Male | M8: 61 | N8: 3 | O8: 1 | P8: Research Scientist | Q8: 4 | R8: Married | S8: 2293 | T8: 3020 | U8: 2 | V8: Y | W8: Yes | X8: 16 | Y8: 3 | Z8: 1 | AA8: 80 | AB8: 1 | AC8: 6 | AD8: 2 | AE8: 2 | AF8: 2 | AG8: 0 | AH8: 2 | AI8: 0
A9: 26 | B9: Yes | C9: Travel_Rarely | D9: 1357 | E9: Research & Development | F9: 25 | G9: 3 | H9: Life Sciences | I9: 1 | J9: 55 | K9: 1 | L9: Male | M9: 48 | N9: 1 | O9: 1 | P9: Laboratory Technician | Q9: 3 | R9: Single | S9: 2293 | T9: 10558 | U9: 1 | V9: Y | W9: No | X9: 12 | Y9: 3 | Z9: 3 | AA9: 80 | AB9: 0 | AC9: 1 | AD9: 2 | AE9: 2 | AF9: 1 | AG9: 0 | AH9: 0 | AI9: 1
A10: 48 | B10: Yes | C10: Travel_Rarely | D10: 626 | E10: Research & Development | F10: 1 | G10: 2 | H10: Life Sciences | I10: 1 | J10: 64 | K10: 1 | L10: Male | M10: 98 | N10: 2 | O10: 3 | P10: Laboratory Technician | Q10: 3 | R10: Single | S10: 5381 | T10: 19294 | U10: 9 | V10: Y | W10: Yes | X10: 13 | Y10: 3 | Z10: 4 | AA10: 80 | AB10: 0 | AC10: 23 | AD10: 2 | AE10: 3 | AF10: 1 | AG10: 0 | AH10: 0 | AI10: 0
A11: 28 | B11: Yes | C11: Travel_Rarely | D11: 1434 | E11: Research & Development | F11: 5 | G11: 4 | H11: Technical Degree | I11: 1 | J11: 65 | K11: 3 | L11: Male | M11: 50 | N11: 3 | O11: 1 | P11: Laboratory Technician | Q11: 3 | R11: Single | S11: 3441 | T11: 11179 | U11: 1 | V11: Y | W11: Yes | X11: 13 | Y11: 3 | Z11: 3 | AA11: 80 | AB11: 0 | AC11: 2 | AD11: 3 | AE11: 2 | AF11: 2 | AG11: 2 | AH11: 2 | AI11: 2
A12: 36 | B12: Yes | C12: Travel_Rarely | D12: 318 | E12: Research & Development | F12: 9 | G12: 3 | H12: Medical | I12: 1 | J12: 90 | K12: 4 | L12: Male | M12: 79 | N12: 2 | O12: 1 | P12: Research Scientist | Q12: 3 | R12: Married | S12: 3388 | T12: 21777 | U12: 0 | V12: Y | W12: Yes | X12: 17 | Y12: 3 | Z12: 1 | AA12: 80 | AB12: 1 | AC12: 2 | AD12: 0 | AE12: 2 | AF12: 1 | AG12: 0 | AH12: 0 | AI12: 0
A13: 20 | B13: Yes | C13: Travel_Frequently | D13: 871 | E13: Research & Development | F13: 6 | G13: 3 | H13: Life Sciences | I13: 1 | J13: 137 | K13: 4 | L13: Female | M13: 66 | N13: 2 | O13: 1 | P13: Laboratory Technician | Q13: 4 | R13: Single | S13: 2926 | T13: 19783 | U13: 1 | V13: Y | W13: Yes | X13: 18 | Y13: 3 | Z13: 2 | AA13: 80 | AB13: 0 | AC13: 1 | AD13: 5 | AE13: 3 | AF13: 1 | AG13: 0 | AH13: 1 | AI13: 0
A14: 19 | B14: Yes | C14: Travel_Rarely | D14: 528 | E14: Sales | F14: 22 | G14: 1 | H14: Marketing | I14: 1 | J14: 167 | K14: 4 | L14: Male | M14: 50 | N14: 3 | O14: 1 | P14: Sales Representative | Q14: 3 | R14: Single | S14: 1675 | T14: 26820 | U14: 1 | V14: Y | W14: Yes | X14: 19 | Y14: 3 | Z14: 4 | AA14: 80 | AB14: 0 | AC14: 0 | AD14: 2 | AE14: 2 | AF14: 0 | AG14: 0 | AH14: 0 | AI14: 0
A15: 31 | B15: Yes | C15: Travel_Rarely | D15: 542 | E15: Sales | F15: 20 | G15: 3 | H15: Life Sciences | I15: 1 | J15: 175 | K15: 2 | L15: Female | M15: 71 | N15: 1 | O15: 2 | P15: Sales Executive | Q15: 3 | R15: Married | S15: 4559 | T15: 24788 | U15: 3 | V15: Y | W15: Yes | X15: 11 | Y15: 3 | Z15: 3 | AA15: 80 | AB15: 1 | AC15: 4 | AD15: 2 | AE15: 3 | AF15: 2 | AG15: 2 | AH15: 2 | AI15: 2
A16: 19 | B16: Yes | C16: Travel_Frequently | D16: 602 | E16: Sales | F16: 1 | G16: 1 | H16: Technical Degree | I16: 1 | J16: 235 | K16: 3 | L16: Female | M16: 100 | N16: 1 | O16: 1 | P16: Sales Representative | Q16: 1 | R16: Single | S16: 2325 | T16: 20989 | U16: 0 | V16: Y | W16: No | X16: 21 | Y16: 4 | Z16: 1 | AA16: 80 | AB16: 0 | AC16: 1 | AD16: 5 | AE16: 4 | AF16: 0 | AG16: 0 | AH16: 0 | AI16: 0
A17: 19 | B17: Yes | C17: Travel_Rarely | D17: 303 | E17: Research & Development | F17: 2 | G17: 3 | H17: Life Sciences | I17: 1 | J17: 243 | K17: 2 | L17: Male | M17: 47 | N17: 2 | O17: 1 | P17: Laboratory Technician | Q17: 4 | R17: Single | S17: 1102 | T17: 9241 | U17: 1 | V17: Y | W17: No | X17: 22 | Y17: 4 | Z17: 3 | AA17: 80 | AB17: 0 | AC17: 1 | AD17: 3 | AE17: 2 | AF17: 1 | AG17: 0 | AH17: 1 | AI17: 0
... A107: 29 | B107: Yes | C107: Travel_Rarely | D107: 1092 | E107: Research & Development | F107: 1 | G107: 4 | H107: Medical | I107: 1 | J107: 2027 | K107: 1 | L107: Male | M107: 36 | N107: 3 | O107: 1 | P107: Research Scientist | Q107: 4 | R107: Married | S107: 4787 | T107: 26124 | U107: 9 | V107: Y | W107: Yes | X107: 14 | Y107: 3 | Z107: 2 | AA107: 80 | AB107: 3 | AC107: 4 | AD107: 3 | AE107: 4 | AF107: 2 | AG107: 2 | AH107: 2 | AI107: 2

Sheet KPI Attrition Rate
E4: Attrition rate | I4: Attrition
E5: =COUNTIF(Sample!B:B, "Yes")/COUNTA(Sample!B:B) -> 0.16111489 | I5: =COUNTIF(Sample!B:B, "Yes") -> 237

Sheet KPI Average employee stay
G3: Average stay of left emoloyee
E4: =AVERAGEIF(Sample!B:B, "Yes", Sample!AF:AF) -> 5.1308017 | G4: =INT(E4)&" Years "&ROUND((E4-INT(E4))*12,0)&" Months" -> 5 Years 2 Months
G7: Average emoloyee stay
E8: =AVERAGE(Sample!AF:AF) -> 7.0081633 | G8: =INT(E8)&" Years "&ROUND((E8-INT(E8))*12,0)&" Months" -> 7 Years 0 Months
G11: Average stay of active emoloyee
E12: =AVERAGEIF(Sample!B:B, "No", Sample!AF:AF) -> 7.3690187 | G12: =INT(E12)&" Years "&ROUND((E12-INT(E12))*12,0)&" Months" -> 7 Years 4 Months
